objectid,parent id,title,creator,date,description,subject,location,latitude,longitude,source,identifier,type,format,language,rights,rightsstatement,display_template,filename,object_location,image_small,image_thumb,image_alt_text,object_transcript
landplats_001,,Lawrence Witsell Slave Enumeration,St. Bartholomew Parish Taxable Property data,1824,L. Witsell Property Tax,Witsell landowners,Colleton County S.C,32.8045,-80.491833,United States Census Bureau,,Image: Stillimage,jpeg,eng,Material produced by the United States Census Bureau and is in Public Domain at Familysearch.org,http://rightsstatements.org/vocab/NoC-US/1.0/,image,1824_L_Witsell_75_enslaved.jpg,/objects/1824_L_Witsell_75_enslaved.jpg,/objects/small/1824_l_witsell_75_enslaved_sm.jpg,/objects/thumbs/1824_l_witsell_75_enslaved_th.jpg,,
landplats_002,,Robert Mills Map of St. Bartholomew,"Library of Congress Geography and Map Division Washington, D.C. 20540-4650 dcu",1825,Robert Mills Atlas Map,Planters and land maps,Colleton County S.C,32.8045,-80.491833,Library of Congress,http://hdl.loc.gov/loc.gmd/g3913c.cws00136,Image: Stillimage,png,eng,"material reproduced by Library of Congress, Geography and Map Division",http://rightsstatements.org/vocab/NoC-US/1.0/,image,1825_Witsel_plantation_map_.png,/objects/1825_Witsel_plantation_map_.png,/objects/small/1825_witsel_plantation_map__sm.jpg,/objects/thumbs/1825_witsel_plantation_map__th.jpg,,
landplats_003,,Lawrence Witsell slave enumeration,St.Bartholomew Census,1840,Lawrence  enslaved,Lawrence  enslaved,Colleton County S.C,32.80875,-80.490806,United States Census Bureau,St. Bartholomew Parish No. 4,Image: Stillimage,jpeg,eng,materials reproduced by ancestry.com,http://rightsstatements.org/vocab/NoC-US/1.0/,image,1840_Witsell_slave__schedule.jpg,/objects/1840_Witsell_slave__schedule.jpg,/objects/small/1840_witsell_slave__schedule_sm.jpg,/objects/thumbs/1840_witsell_slave__schedule_th.jpg,,
landplats_004,,Lawrence John Witsell Election Polls,St.Bartholomew Parish Election appointment,1841,John Hill replaces LJ as manager of Jacksonboro and Round O Polls,LJ Witsell Poll Manager,Colleton County S.C,32.80875,-80.490806,South Carolina Department of Archives and History,No-1119-01,Image: Stillimage,jpeg,eng,materials produced by South Carolina Department of Archives and History,http://rightsstatements.org/vocab/NoC-US/1.0/,image,1841_LJ_Witsell_Petitions__to_change_Election_Managers_at_Jacksonborough_and_Round_O_Polls.jpg,/objects/1841_LJ_Witsell_Petitions__to_change_Election_Managers_at_Jacksonborough_and_Round_O_Polls.jpg,/objects/small/1841_lj_witsell_petitions__to_change_election_managers_at_jacksonborough_and_round_o_polls_sm.jpg,/objects/thumbs/1841_lj_witsell_petitions__to_change_election_managers_at_jacksonborough_and_round_o_polls_th.jpg,,
landplats_005,,Dr. Emanuel Witsell Census,United States Census Bureau,1850,"Dr. Emmanuel Witsell, Widowed mother Mary and sister Eliza",Census and Property worth,Colleton County S.C,32.80875,-80.490806,United States Census Bureau,St. Bartholomew Parish September 3 1850 Census,Image: Stillimage,pdf,eng,materials produced by ancestry.org,http://rightsstatements.org/vocab/NoC-US/1.0/,image,1850_Emmanual_Witsell.jpg,/objects/1850_Emmanual_Witsell.jpg,/objects/small/1850_emmanual_witsell_sm.jpg,/objects/thumbs/1850_emmanual_witsell_th.jpg,,
landplats_006,,Lawrence John Witsell Slave Enumeration,United States Census Bureau,1850,LJ Witsell 20 Enslaved,St. Bartholomew Parish Slave Enumeration collected August 14th,Colleton County S.C,32.8045,-80.491833,United States Census Bureau,St. Bartholomew Parish September 3 1850 Census,Image: Stillimage,jpeg,eng,materials produced by ancestry.org,http://rightsstatements.org/vocab/NoC-US/1.0/,image,1850_Emmanuel_Census.jpg,/objects/1850_Emmanuel_Census.jpg,/objects/small/1850_emmanuel_census_sm.jpg,/objects/thumbs/1850_emmanuel_census_th.jpg,,
landplats_007,,Lawrence John Witsell Slave Enumeration,United States Census Bureau,1850,LJ Witsell 10 Enslaved,St. Bartholomew Parish Slave Enumeration collected August 16th,Colleton County S.C,32.80875,-80.490806,United States Census Bureau,St. Bartholomew Parish September 3 1850 Census,Image: Stillimage,jpeg,eng,materials produced by ancestry.org,http://rightsstatements.org/vocab/NoC-US/1.0/,image,1850_LJ_Slave_Schedule_2.jpg,/objects/1850_LJ_Slave_Schedule_2.jpg,/objects/small/1850_lj_slave_schedule_2_sm.jpg,/objects/thumbs/1850_lj_slave_schedule_2_th.jpg,,
landplats_008,,Dr. Robert Witsells signs petition to South Carolina State Senate to prohibit the sell of Liquor and consumption by persons of color,,1852,Dr. Robert Witsell Signs Petition,St. Bartholomew' Parish petition to the SC senate,Colleton County S.C,32.8045,-80.491833,South Carolina Department of Archives and History,St. Bartholomew Parish petition to SC Senate,Image: Stillimage,jpeg,eng,materials produced by ancestry.org,http://rightsstatements.org/vocab/NoC-US/1.0/,image,1850_LJ_Slave_Schedule_3.jpg,/objects/1850_LJ_Slave_Schedule_3.jpg,/objects/small/1850_lj_slave_schedule_3_sm.jpg,/objects/thumbs/1850_lj_slave_schedule_3_th.jpg,,
landplats_009,,Dr. Emanuel Witsell Labor Contract with a Freedman,National Archives,1865,Dr. Emanuel Witsell is approved by 35th United States Colored Troop James C Beecher for a labor contract with freedmen,Colleton District labor contract post Civil War,Colleton County S.C,32.764917,-80.446361,National Archives,Colleton County District Records,Image: Stillimage,jpeg,eng,material produced by the South Carolina Department of Archives and History,http://rightsstatements.org/vocab/NoC-US/1.0/,image,1852_Robert_Witsell_signs_a_petition_barring_slaves_from__selling_liquour.jpg,/objects/1852_Emmanuel_Witsell_signs_a_petition_barring_slaves_from__selling_liquour.jpg,/objects/small/1852_emmanuel_witsell_signs_a_petition_barring_slaves_from__selling_liquour_sm.jpg,/objects/thumbs/1852_emmanuel_witsell_signs_a_petition_barring_slaves_from__selling_liquour_th.jpg,,
landplats_010,,Cuffy Witsell Sr. pays property taxes on 25 acres,South Carolina Department of Archives and History,1869,"Cuffy Witsell Sr. pays property taxes and sign with an X, on 1 horse, 2 cattles and 1 hog. The tax assessor is H.G. Glover","Property Taxes paid on September 22nd  in Round O, SC","Round O,Colleton County,South Carolina",32.853583,-80.5135,South Carolina Department of Archive and History,Colleton County District Records,Image: Stillimage,jpeg,eng,material produced by the National Archives,http://rightsstatements.org/vocab/NoC-US/1.0/,image,1869_Cuffy_Witsell_Property_Tax_1.jpeg,/objects/1869_Cuffy_Witsell_Property_Tax_1.jpeg,/objects/small/1869_cuffy_witsell_property_tax_1_sm.jpg,/objects/thumbs/1869_cuffy_witsell_property_tax_1_th.jpg,,
landplats_011,,R.W. Magwood and Perkins Plats,South Carolina Department of Archives and History,1900,R.W. Magwood and Perkins Plats,Land plats,"Round O,Colleton County,South Carolina",32.861528,-80.486694,South Carolina Department of Archive and History,Colleton County District Records,Image: Stillimage,jpeg,eng,material produced by the South Carolina Department of Archives and History,http://rightsstatements.org/vocab/NoC-US/1.0/,image,1900_Plat_includes_R_W_Magwood_and_Perkins.jpg,/objects/1900_Plat_includes_R_W_Magwood_and_Perkins.jpg,/objects/small/1900_plat_includes_r_w_magwood_and_perkins_sm.jpg,/objects/thumbs/1900_plat_includes_r_w_magwood_and_perkins_th.jpg,,
landplats_012,,Cuffy Witsell 25 Acre Plat,South Carolina Department of Archives and History,1902,Cuffy Witsell Sr. Plat,Land Plats,"Round O,Colleton County,South Carolina",32.858611,-80.508611,South Carolina Department of Archive and History,Colleton County District Records,Image: Stillimage,jpeg,eng,material produced by the South Carolina Department of Archives and History,http://rightsstatements.org/vocab/NoC-US/1.0/,image,1902_Cuffy_Plat.jpg,/objects/1902_Cuffy_Plat.jpg,/objects/small/1902_cuffy_plat_sm.jpg,/objects/thumbs/1902_cuffy_plat_th.jpg,,
landplats_013,,Willie Witsell Marries Rosa Blake,South Carolina Department of Archives and History,1913,Willie Witsell and Rosa Blake marriage license,Genealogy,"Round O,Colleton County,South Carolina",32.852972,-80.490639,South Carolina Department of Archive and History,Colleton County District Records,Image: Stillimage,jpeg,eng,material produced by the South Carolina Department of Archives and History,http://rightsstatements.org/vocab/NoC-US/1.0/,image,1913_Willie__and_Rosa_Marriage.jpg,/objects/1913_Willie__and_Rosa_Marriage.jpg,/objects/small/1913_willie__and_rosa_marriage_sm.jpg,/objects/thumbs/1913_willie__and_rosa_marriage_th.jpg,,
landplats_014,,Caroline and Rosa Witsell Census,United States Census Bureau,1920,Caroline Witsell is widowed,Genealogy,"Round O,Colleton County,South Carolina",32.853,-80.490667,South Carolina Department of Archive and History,Colleton County District Records,Image: Stillimage,jpeg,eng,material produced by the South Carolina Department of Archives and History,http://rightsstatements.org/vocab/NoC-US/1.0/,image,1920_Caroline_Witsell._Willie_and_Ros_a_Witsell_.jpg,/objects/1920_Caroline_Witsell._Willie_and_Ros_a_Witsell_.jpg,/objects/small/1920_caroline_witsell._willie_and_ros_a_witsell__sm.jpg,/objects/thumbs/1920_caroline_witsell._willie_and_ros_a_witsell__th.jpg,,
landplats_015,,Nate Witsell buys 1 acre from CJ Perkins ,Colleton County Register of Deeds,1993,Nate Witsell,Land Platts,"Round O,Colleton County,South Carolina",32.852972,-80.490639,Colleton County Register of Deeds,Colleton County Register of Deeds,Image: Stillimage,jpeg,eng,material produced by the South Carolina Department of Archives and History,http://rightsstatements.org/vocab/NoC-US/1.0/,image,1993_Perkins_Sell_to_Nate_Deed.pdf,/objects/1993_Perkins_Sell_to_Nate_Deed.pdf,/objects/small/1993_perkins_sell_to_nate_deed_sm.jpg,/objects/thumbs/1993_perkins_sell_to_nate_deed_th.jpg,,
landplats_016,,C.J. Perkins buys 85 acres from Beulah Ackerman for $425,Colleton County Register of Deeds,1942,Perkins buys back some of  Cuffy Jr.'s land on September 19th,Former 100 acres of Cuffy Witsell Jr.,"Round O,Colleton County,South Carolina",32.854167,-80.486917,Colleton County Register of Deeds,Colleton County Register of Deeds,Image: Stillimage,jpeg,eng,materials produced by Colleton County Register of Deeds,http://rightsstatements.org/vocab/NoC-US/1.0/,image,CJ_Perkins_buys_85_acres__rom_Beulah_Ackerman.png,/objects/CJ_Perkins_buys_85_acres__rom_Beulah_Ackerman.png,/objects/small/cj_perkins_buys_85_acres__rom_beulah_ackerman_sm.jpg,/objects/thumbs/cj_perkins_buys_85_acres__rom_beulah_ackerman_th.jpg,,
landplats_017,,Colleton County Register of Deeds listings of Cuffy purchasing 100 acres in 1872 from JP Gatch as well as other landowning Witsells,Colleton County Register of Deeds,1872,"Cuffy Witsell Sr. buys 100 Acres from JP Gatch, Emanuel Witsell is also listed as selling land to multiple people including AC Shaffer (Union Army Officer) that signs Cuffy Sr.'s freedmen documents in 1868","Multiple land plats, Cuffy Witsell Sr. 100 acres","Round O,Colleton County,South Carolina",32.854167,-80.486917,Colleton County Register of Deeds,Colleton County Register of Deeds,Image: Stillimage,jpeg,eng,materials produced by Colleton County Register of Deeds,http://rightsstatements.org/vocab/NoC-US/1.0/,image,Colleton_Deeds_Cuffy_Witsell_100_acres_copy.png,/objects/Colleton_Deeds_Cuffy_Witsell_100_acres_copy.png,/objects/small/colleton_deeds_cuffy_witsell_100_acres_copy_sm.jpg,/objects/thumbs/colleton_deeds_cuffy_witsell_100_acres_copy_th.jpg,,
landplats_018,,Contemporary Record of 15 of Cuffy Witsell Sr.'s 25 acres in Chaplin LLC.,Colleton County Register of Deeds,2025,Former 15 of 25 acres in Direct Descendants hands,15 acres plus more in contemporary land plats of former 25 acres with descendants,"Round O,Colleton County,South Carolina",32.858611,-80.508611,Colleton County Register of Deeds,Colleton County Register of Deeds,Image: Stillimage,jpeg,eng,materials produced by Colleton County Register of Deeds,http://rightsstatements.org/vocab/NoC-US/1.0/,image,Colleton_Deeds_Honey_38_acres_1.png,/objects/Colleton_Deeds_Honey_38_acres_1.png,/objects/small/colleton_deeds_honey_38_acres_1_sm.jpg,/objects/thumbs/colleton_deeds_honey_38_acres_1_th.jpg,,
landplats_019,1andplats_019,Cuffy Witsell Jr.  Sells his 100 acres to his siblings Archie and Jacob Witsell page 1,Colleton County Register of Deeds,1891,Cuffy Witsell Jr. 100 Acres sold to brothers,Land conveyance,"Round O,Colleton County,South Carolina",32.854167,-80.486917,Colleton County Register of Deeds,colleton county,Image: Stillimage,jpeg,eng,materials produced by Colleton County Register of Deeds,http://rightsstatements.org/vocab/NoC-US/1.0/,compound_object,Colleton_Deeds__Cuffy_to_Archie_1.jpg,/objects/Colleton_Deeds__Cuffy_to_Archie_1.jpg,/objects/small/colleton_deeds__cuffy_to_archie_1_sm.jpg,/objects/thumbs/colleton_deeds__cuffy_to_archie_1_th.jpg,,
landplats_020,1andplats_019,"Cuffy Jr. sells 100 acres to siblings Archie Witell and Jacob Witsell, Second Page of Land Deed Conveyance ",Colleton County Register of Deeds,1891,Second Page of Land Deed Conveyance from Cuffy Jr. to Archie Witell,,"Round O,Colleton County,South Carolina",32.854167,-80.486917,Colleton County Register of Deeds,Colleton County Register of Deeds,Image: Stillimage,jpeg,eng,materials produced by Colleton County Register of Deeds,http://rightsstatements.org/vocab/NoC-US/1.0/,image,Colleton_Deeds__Cuffy_to_Archie_2.5_copy.jpeg,/objects/Colleton_Deeds__Cuffy_to_Archie_2.5_copy.jpeg,/objects/small/colleton_deeds__cuffy_to_archie_2.5_copy_sm.jpg,/objects/thumbs/colleton_deeds__cuffy_to_archie_2.5_copy_th.jpg,,
landplats_021,landplats_019,Cuffy Witsell Jr.  Sells his 100 acres to his siblings Archie and Jacob Witsell page 1,Colleton County Register of Deeds,1891,Cuffy Witsell Jr. sells his land to brothers,Cuffy Witsell Jr. sells to brothers Archie and Jacob,"Round O,Colleton County,South Carolina",32.854167,-80.486917,Colleton County Register of Deeds,"Glover Township, Colleton County",Image: Stillimage,jpeg,eng,materials produced by Colleton County Register of Deeds,http://rightsstatements.org/vocab/NoC-US/1.0/,image,Colleton_Deeds__Cuffy_to_Archie_1.jpg,/objects/Colleton_Deeds__Cuffy_to_Archie_1.jpg,/objects/small/colleton_deeds__cuffy_to_archie_1_sm.jpg,/objects/thumbs/colleton_deeds__cuffy_to_archie_1_th.jpg,,
landplats_022,,Cousin Maude Perkins' Store,Colleton County Register of Deeds,1960,Local Perkins Store,Perkins Land Plat,"Round O,Colleton County,South Carolina",32.857472,-80.491917,Shaneda Destine Private Collection,Shaneda Destine,Image: Stillimage,jpeg,eng,materials produced by Colleton County Register of Deeds,http://rightsstatements.org/vocab/NoC-US/1.0/,image,Cousin_Maude_Store.jpg,/objects/Cousin_Maude_Store.jpg,/objects/small/cousin_maude_store_sm.jpg,/objects/thumbs/cousin_maude_store_th.jpg,,
landplats_023,, 1600 Native Map of Cusabo Band of Nations,Wikipedia,1600,Cusabo Land Map,Tribal Territory of Cusabo during seventeenth  century,"Round O,Colleton County,South Carolina",32.719667,-80.361806,Wikipedia,https://en.wikipedia.org/wiki/Cusabo#/media/File:USA_Südosten-Cusabo.png,Image: Stillimage,jpeg,eng,materials produced by Colleton County Register of Deeds,http://rightsstatements.org/vocab/NoC-US/1.0/,image,Cusaba_land__map.png,/objects/Cusaba_land__map.png,/objects/small/cusaba_land__map_sm.jpg,/objects/thumbs/cusaba_land__map_th.jpg,,
landplats_024,landplats_024,Dr. Emanuel Witsell Requesting Rights to Jacksonboro Ferry,South Carolina Department of Archives and History,1844,Dr. Emanuel Witsell's request to own Jacksonboro Ferry,Jacksonboro Ferry,Colleton County S.C,32.764917,-80.446361,South Carolina Department of Archives and History,"Colleton County, SC",Image: Stillimage,jpeg,eng,materials produced by Colleton County Register of Deeds,,compound_object,1844_Emmauel_Charters_Ferry.pdf,/objects/1844_Emmauel_Charters_Ferry.pdf,/objects/small/1844_emmauel_charters_ferry_sm.jpg,/objects/thumbs/1844_emmauel_charters_ferry_th.jpg,,
landplats_025,landplats_024,Dr. Emanuel Witsell Requesting Rights to Jacksonboro Ferry,South Carolina Department of Archives and History,1843,Dr. Emanuel Witsell's request to own Jacksonboro Ferry,Jacksonboro Ferry,Colleton County S.C,32.764917,-80.446361,South Carolina Department of Archive and History,South Carolina Senate Records,Image: Stillimage,jpeg,eng,materials produced by Colleton County Register of Deeds,http://rightsstatements.org/vocab/NoC-US/1.0/,image,Dr._Emmanuel_Witsell_requesting_charter_of_the_Jacksonboro_Ferry_to_Thomas_Grant.jpg,/objects/Dr._Emmanuel_Witsell_requesting_charter_of_the_Jacksonboro_Ferry_to_Thomas_Grant.jpg,/objects/small/dr._emmanuel_witsell_requesting_charter_of_the_jacksonboro_ferry_to_thomas_grant_sm.jpg,/objects/thumbs/dr._emmanuel_witsell_requesting_charter_of_the_jacksonboro_ferry_to_thomas_grant_th.jpg,,
landplats_026,landplats_024,Dr. Emanuel Witsell Requesting Rights to Jacksonboro Ferry,South Carolina Senate,1844,Dr. Emanuel Witsell and Mary Walkington  is vested with the Jacksonboro ferry at the same toll for 8 years,,Colleton County S.C,32.80875,-80.490806,South Carolina Department of Archives and History,No-5900--01,Image: Stillimage,jpeg,eng,materials produced by South Carolina Department of Archives and History,http://rightsstatements.org/vocab/NoC-US/1.0/,image,1844_Emmauel_Charters_Ferry.pdf,/objects/1844_Emmauel_Charters_Ferry.pdf,/objects/small/1844_emmauel_charters_ferry_sm.jpg,/objects/thumbs/1844_emmauel_charters_ferry_th.jpg,,
landplats_027,,Lucius Fishburne's Plantations Notes: St. Bartholomew Parish,South Carolina Historical Society,1760,Isaac Haynes Haynes Hall,Haynes Hall Plantation,Colleton County S.C,32.80757568,-80.47910188,Plantations Notes: St. Bartholomew Parish,South Carolina Historical Society Records,Image: Stillimage,jpeg,eng,materials produced by Colleton County Register of Deeds,http://rightsstatements.org/vocab/NoC-US/1.0/,image,SCHS_Lucius_Fishburne_Hayne_Hall_1.jpeg,/objects/SCHS_Lucius_Fishburne_Hayne_Hall_1.jpeg,/objects/small/schs_lucius_fishburne_hayne_hall_1_sm.jpg,/objects/thumbs/schs_lucius_fishburne_hayne_hall_1_th.jpg,,
landplats_028,,Lucius Fishburne's Plantations Notes: St. Bartholomew Parish,South Carolina Historical Society,1790,Frederick Witsell was Charles Lowndes (Lowndes) Overseer on Oakland,Frederick Witsell and Charles Lowndes,Colleton County S.C,32.632278,-80.620611,Plantations Notes: St. Bartholomew Parish,South Carolina Historical Society Records,Image: Stillimage,jpeg,eng,materials produced by Colleton County Register of Deeds,http://rightsstatements.org/vocab/NoC-US/1.0/,image,SCHS_Lucius_Fishburne_Oakland.jpg,/objects/SCHS_Lucius_Fishburne_Oakland.jpg,/objects/small/schs_lucius_fishburne_oakland_sm.jpg,/objects/thumbs/schs_lucius_fishburne_oakland_th.jpg,,
landplats_029,landplats_029,Lucius Fishburne's Plantations Notes: St. Bartholomew Parish,South Carolina Historical Society,1800,"John Witsell owns Sycamore plantation from 1802- 1870, Prior to him Haynes owns it. After him Frasers own it.",Sycamore plantation,Colleton County S.C,32.632278,-80.620611,Plantations Notes: St. Bartholomew Parish,South Carolina Historical Society Records,Image: Stillimage,jpeg,eng,materials produced by Colleton County Register of Deeds,http://rightsstatements.org/vocab/NoC-US/1.0/,compound_object,SCHS_Lucius_FishburneSycamore_2.jpeg,/objects/SCHS_Lucius_FishburneSycamore_2.jpeg,/objects/small/schs_lucius_fishburnesycamore_2_sm.jpg,/objects/thumbs/schs_lucius_fishburnesycamore_2_th.jpg,,
landplats_030,landplats_029,Lucius Fishburne's Plantations Notes: St. Bartholomew Parish,South Carolina Historical Society,1850,"John Witsell owns Sycamore plantation from 1802- 1870, Prior to him Haynes owns it. After him Frasers own it.",Sycamore plantation,Colleton County S.C,32.81275,-80.475556,Plantations Notes: St. Bartholomew Parish,South Carolina Historical Society Records,Image: Stillimage,jpeg,eng,materials produced by Colleton County Register of Deeds,http://rightsstatements.org/vocab/NoC-US/1.0/,image,SCHS_Lucius_FishburneSycamore_2.jpeg,/objects/SCHS_Lucius_FishburneSycamore_2.jpeg,/objects/small/schs_lucius_fishburnesycamore_2_sm.jpg,/objects/thumbs/schs_lucius_fishburnesycamore_2_th.jpg,,
landplats_031,landplats_029,Lucius Fishburne's Plantations Notes: St. Bartholomew Parish,South Carolina Historical Society,1850,John Witsell owns Sycamore plantation from 1802- 1870. Prior to him Haynes owns it. After him Frasers own it.,Sycamore plantation,Colleton County S.C,32.81275,-80.475556,Plantations Notes: St. Bartholomew Parish,South Carolina Historical Society Records,Image: Stillimage,jpeg,eng,materials produced by Colleton County Register of Deeds,http://rightsstatements.org/vocab/NoC-US/1.0/,image,SCHS_Lucius_Fishburne_Sycamore_3.jpeg,/objects/SCHS_Lucius_Fishburne_Sycamore_3.jpeg,/objects/small/schs_lucius_fishburne_sycamore_3_sm.jpg,/objects/thumbs/schs_lucius_fishburne_sycamore_3_th.jpg,,
landplats_032,,Preston Plantation,South Carolina Historical Society,1850,"Preston Plantation changes hands between Lowndes, Fraser and Verdiers",Preston Plantation,Colleton County S.C,32.834417,-80.521917,South Carolina Historical Society,South Carolina Historical Society Records,Image: Stillimage,jpeg,eng,materials produced by Colleton County Register of Deeds,http://rightsstatements.org/vocab/NoC-US/1.0/,image,SCHS_Preston_Tract_2.jpg,/objects/SCHS_Preston_Tract_2.jpg,/objects/small/schs_preston_tract_2_sm.jpg,/objects/thumbs/schs_preston_tract_2_th.jpg,,
landplats_033,,The Trailer,Shaneda Destine private collection,2026,The Trailer,Holmes Hairs Property,"Round O,Colleton County,South Carolina",32.81275,-80.4963895,Shaneda Destine Private Collection,Shaneda Destine,Image: Stillimage,jpeg,eng,materials produced by Shaneda Destine,http://rightsstatements.org/vocab/NoC-US/1.0/,image,Trailer_wall.JPG,/objects/Trailer_wall.JPG,/objects/small/trailer_wall_sm.jpg,/objects/thumbs/trailer_wall_th.jpg,,
landplats_034,,Willie Witsell and siblings Sell 5 acres to sibli Mary,Colleton County Register of Deeds,1924,Cuffy Witsell Sr. Original 25 acres,Cuffy Sr.'s heirs sell to each other,"Round O,Colleton County,South Carolina",32.87907345,-80.5135,Colleton County Register of Deeds,colleton County,Image: Stillimage,jpeg,eng,materials produced by Colleton County Register of Deeds,http://rightsstatements.org/vocab/NoC-US/1.0/,image,1924_Willie_and_Sibs_sell_to_Mary.jpg,/objects/1924_Willie_and_Sibs_sell_to_Mary.jpg,/objects/small/1924_willie_and_sibs_sell_to_mary_sm.jpg,/objects/thumbs/1924_willie_and_sibs_sell_to_mary_th.jpg,,
landplats_035,,Willie Witsell and siblings Sell 5 acres to sibling in law Lewis,Colleton County Register of Deeds,1924,Cuffy Witsell Sr. Original 25 acres,Cuffy Sr.'s heirs sell to each other,"Round O,Colleton County,South Carolina",32.853583,-80.5135,Colleton County Register of Deeds,colleton County,Image: Stillimage,jpeg,eng,materials produced by Colleton County Register of Deeds,http://rightsstatements.org/vocab/NoC-US/1.0/,image,1924_Willie_and_sibs_sell_to_Lewis.jpg,/objects/1924_Willie_and_sibs_sell_to_Lewis.jpg,/objects/small/1924_willie_and_sibs_sell_to_lewis_sm.jpg,/objects/thumbs/1924_willie_and_sibs_sell_to_lewis_th.jpg,,
landplats_036,,Willie Witsell and siblings  Sell 5 acres to sibling Peggy,Colleton County Register of Deeds,1924,Cuffy Witsell Sr. Original 25 acres,Cuffy Sr.'s heirs sell to each other,"Round O,Colleton County,South Carolina",32.853583,-80.5135,Colleton County Register of Deeds,colleton County,Image: Stillimage,jpeg,eng,materials produced by Colleton County Register of Deeds,http://rightsstatements.org/vocab/NoC-US/1.0/,image,1925_Willie_and_sibs_sell_to_Peggy.jpg,/objects/1925_Willie_and_sibs_sell_to_Peggy.jpg,/objects/small/1925_willie_and_sibs_sell_to_peggy_sm.jpg,/objects/thumbs/1925_willie_and_sibs_sell_to_peggy_th.jpg,,
landplats_037,,Willie Witsell 1930 Census,United States Census Bureau,1930,Willie Witsell and Rosa Blake Census,Willie Witsell and Rosa Census,"Round O,Colleton County,South Carolina",32.853583,-80.5135,United States Census Bureau,"Glover Township, Colleton County",Image: Stillimage,jpeg,eng,materials produced by U.S. Census B,http://rightsstatements.org/vocab/NoC-US/1.0/,image,1930_Census_Willie_Witsell.jpg,/objects/1930_Census_Willie_Witsell.jpg,/objects/small/1930_census_willie_witsell_sm.jpg,/objects/thumbs/1930_census_willie_witsell_th.jpg,,
landplats_038,,Willie Witsell 1930 Census,Colleton County Register of Deeds,1940,Willie Witsell and Rosa Blake Census,Willie Witsell and Rosa Census,"Round O,Colleton County,South Carolina",32.853583,-80.5135,United States Census Bureau,"Glover Township, Colleton County",Image: Stillimage,jpeg,eng,materials produced by U.S. Census B,http://rightsstatements.org/vocab/NoC-US/1.0/,image,1940_Census_Willie_Witsell.jpg,/objects/1940_Census_Willie_Witsell.jpg,/objects/small/1940_census_willie_witsell_sm.jpg,/objects/thumbs/1940_census_willie_witsell_th.jpg,,
landplats_039,,Mary Osborne purchases 5 acres of Cuffy Jr.'s land,,1934,"Mary Osborne, Cuffy Witsell Jr.'s 5 acres from PB Ackerman",Mary Purchases 5 of the 100 of Cuffy Jr.'s acres from PB Ackerman,"Round O,Colleton County,South Carolina",32.854167,-80.486917,Colleton County Register of Deeds,"Glover Township, Colleton County",Image: Stillimage,JPG,eng,materials produced by Colleton County Register of Deeds,http://rightsstatements.org/vocab/NoC-US/1.0/,image,Colleton_Deeds__Mary_Osborne_5_acres_from_Ackerman.jpg,/objects/Colleton_Deeds__Mary_Osborne_5_acres_from_Ackerman.jpg,/objects/small/colleton_deeds__mary_osborne_5_acres_from_ackerman_sm.jpg,/objects/thumbs/colleton_deeds__mary_osborne_5_acres_from_ackerman_th.jpg,,
landplats_040,,Trinity AME Church,Trinity,2025,Trinity AME,Church,"Round O,Colleton County,South Carolina",32.86624801,-80.48910538,"Round O, South Carolina",Round O SC,Image: Stillimage,jpeg,eng,materials produced by Shaneda Destine,http://rightsstatements.org/vocab/NoC-US/1.0/,image,Trinity_AME_1.jpg,/objects/Trinity_AME_1.jpg,/objects/small/trinity_ame_1_sm.jpg,/objects/thumbs/trinity_ame_1_th.jpg,,
landplats_041,,Family pic,Shaneda Destine private collection,2025,Family Archive,Family photographs,"Round O,Colleton County,South Carolina",32.87907345,-80.4963895,Shaneda Destine Private Collection,Round O SC,Image: Stillimage,jpeg,eng,materials produced by Shaneda Destine,http://rightsstatements.org/vocab/NoC-US/1.0/,image,old_family_pic_in_round_o.jpg,/objects/old_family_pic_in_round_o.jpg,/objects/small/old_family_pic_in_round_o_sm.jpg,/objects/thumbs/old_family_pic_in_round_o_th.jpg,,
landplats_042,,Maude's Quilt at the Trailer,Family archive,1990,Maude's Quilt,Maude's Quilt,"Round O,Colleton County,South Carolina",32.87907345,-80.4963895,family archive,Round O SC,Image: Stillimage,jpeg,eng,materials produced by Shaneda Destine,http://rightsstatements.org/vocab/NoC-US/1.0/,image,Quilt.JPG,/objects/Quilt.JPG,/objects/small/quilt_sm.jpg,/objects/thumbs/quilt_th.jpg,,
landplats_043,,Willie Witsell Registration Draft Papers,National Archives,1918,Draft Registration,Willie Witsell Draft papers,"Round O,Colleton County,South Carolina",32.852972,-80.490917,National Archives,South Carolina State,Image: Stillimage,jpeg,eng,materials produced by National Archives,http://rightsstatements.org/vocab/NoC-US/1.0/,image,1918WillieMilitaryDraft.jpg,/objects/1918WillieMilitaryDraft.jpg,/objects/small/1918williemilitarydraft_sm.jpg,/objects/thumbs/1918williemilitarydraft_th.jpg,,
landplats_044,,Lucius Fishburne's Plantations Notes: St. Bartholomew Parish,Neyle Plantation,1850,Neyle Plantation,Neyle Plantation owners,"Colleton County, SC",32.832306,-80.556778,Plantations Notes: St. Bartholomew Parish,,Image: Stillimage,jpeg,eng,material produced by South Carolina Historical Society,http://rightsstatements.org/vocab/NoC-US/1.0/,image,SCHS__Lucius_Fishburne_Neyles.jpg,/objects/SCHS__Lucius_Fishburne_Neyles.jpg,/objects/small/schs__lucius_fishburne_neyles_sm.jpg,/objects/thumbs/schs__lucius_fishburne_neyles_th.jpg,,
landplats_045,,Lucius Fishburne's Plantations Notes: St. Bartholomew Parish,Ashland Plantation,1850,Ashland Plantation,Ashland Plantation onwers,"Colleton County, SC",32.839556,-80.510889,Plantations Notes: St. Bartholomew Parish,,Image: Stillimage,jpeg,eng,material produced by South Carolina Historical Society,http://rightsstatements.org/vocab/NoC-US/1.0/,image,SCHS__Lucius_Fishburne__Ashland.jpg,/objects/SCHS__Lucius_Fishburne__Ashland.jpg,/objects/small/schs__lucius_fishburne__ashland_sm.jpg,/objects/thumbs/schs__lucius_fishburne__ashland_th.jpg,,
landplats_046,,The Burnt Church,Pon Pon Chapel of Ease,1725,Built in 1725 as the first Anglican church in the state and burned in 1801  rebuilt in 1822 and burned again 1832 on Parkers Ferry Road. A main thoroughfare from Charleston to Savannah,This church was built in 1727 and John Wesley (founder of the Methodist church) preached here twice in 1737. George Washington is rumored to have visited on his way to visit  his family on his Spring tour  in 1791,"Round O,Colleton County,South Carolina",32.81661964,-80.48942699,Shaneda Destine Private Collection,Colleton County south carolina,Image: Stillimage,jpeg,eng,materials produced by Shaneda Destine,http://rightsstatements.org/vocab/NoC-US/1.0/,image,Burnt_Church_2.jpg,/objects/Burnt_Church_2.jpg,/objects/small/burnt_church_2_sm.jpg,/objects/thumbs/burnt_church_2_th.jpg,,
landplats_047,,P.B Ackerman buys 89 acres of Cuffy Witsell Jr.'s 100 acres at Sheriff's Tax Auction,Colleton County Register of Deeds,1932,PB Ackerman buys 89 acres of Cuffy Witsell Jr.'s original 100 acres at Sheriff's Tax Auction,Sheriff's Tax Auction,"Colleton County, SC",32.854167,-80.486917,Colleton County Register of Deeds,"Round O, SC",Image: Stillimage,jpeg,eng,materials produced by Colleton County Register of Deeds,,image,Colleton_Deeds_Archie_land_sold_to_PB_Ackerman_1932.jpg,/objects/Colleton_Deeds_Archie_land_sold_to_PB_Ackerman_1932.jpg,/objects/small/colleton_deeds_archie_land_sold_to_pb_ackerman_1932_sm.jpg,/objects/thumbs/colleton_deeds_archie_land_sold_to_pb_ackerman_1932_th.jpg,,